DateTime,Position,Height (Feet),Width (Feet),Density (Gallons)
2026-05-12_09:17:11,"40.73640405200422, -81.90252078697085",8.1,5.22,0.04
2026-05-12_09:17:11,"40.7364100869745, -81.9024664722383",10.47,5.35,0.03
2026-05-12_09:17:12,"40.73641846887767, -81.90252112224698",7.58,5.31,0.04
2026-05-12_09:17:13,"40.73642450384796, -81.90246680751443",10.37,5.31,0.03
2026-05-12_09:17:14,"40.736433723941445, -81.90252078697085",7.84,5.25,0.02
2026-05-12_09:17:15,"40.736437579616904, -81.9024664722383",9.94,5.25,0.03
2026-05-12_09:17:15,"40.73644747026265, -81.90246613696218",10.07,1.64,0.01
2026-05-12_09:17:16,"40.73644847609103, -81.90252045169473",9.55,5.25,0.04
2026-05-12_09:17:17,"40.7364587020129, -81.90246580168605",9.61,5.31,0.03
2026-05-12_09:17:18,"40.73646239005029, -81.9025201164186",9.58,5.09,0.03
2026-05-12_09:17:19,"40.73647345416248, -81.90246546640992",10.63,5.18,0.03
2026-05-12_09:17:19,"40.7364756334573, -81.90251978114247",8.73,5.18,0.04
2026-05-12_09:17:21,"40.73648820631206, -81.90246546640992",9.58,5.28,0.03
2026-05-12_09:17:21,"40.73649005033076, -81.90251944586635",7.74,5.18,0.03
2026-05-12_09:17:22,"40.7364999409765, -81.90251911059022",7.28,1.71,0.01
2026-05-12_09:17:23,"40.73650346137583, -81.9024651311338",10.33,5.28,0.04
2026-05-12_09:17:24,"40.7365136872977, -81.90251877531409",8.04,5.25,0.04
2026-05-12_09:17:25,"40.73651787824929, -81.90246446058154",10.63,5.12,0.03
2026-05-12_09:17:26,"40.736528439447284, -81.90251844003797",8.69,5.22,0.04
2026-05-12_09:17:27,"40.73653279803693, -81.90246446058154",10.07,5.25,0.04
2026-05-12_09:17:28,"40.7365430239588, -81.90251844003797",7.68,5.22,0.03
2026-05-12_09:17:28,"40.73654687963426, -81.90246412530541",10.63,5.02,0.03
2026-05-12_09:17:30,"40.736557776108384, -81.90251877531409",8.33,5.02,0.03
2026-05-12_09:17:30,"40.7365604583174, -81.90246412530541",8.17,5.02,0.03
2026-05-12_09:17:31,"40.73657219298184, -81.90251810476184",7.87,4.59,0.02
2026-05-12_09:17:32,"40.736576383933425, -81.90246412530541",10.79,5.35,0.03
2026-05-12_09:17:34,"40.736590130254626, -81.9024627842009",10.76,5.31,0.03
2026-05-12_09:17:34,"40.73659515939653, -81.90251709893346",7.97,5.09,0.02
2026-05-12_09:17:36,"40.73660773225129, -81.90246177837253",9.74,5.38,0.03
2026-05-12_09:17:36,"40.73660991154611, -81.90251575782895",7.78,5.12,0.02
2026-05-12_09:17:37,"40.736622316762805, -81.90246110782027",10.3,5.22,0.03
2026-05-12_09:17:37,"40.73662399314344, -81.90251542255282",7.78,5.22,0.02
2026-05-12_09:17:39,"40.7366365659982, -81.90246110782027",10.2,5.09,0.03
2026-05-12_09:17:39,"40.736637907102704, -81.90251542255282",9.12,5.22,0.03
2026-05-12_09:17:41,"40.73665182106197, -81.90246110782027",11.19,5.25,0.03
2026-05-12_09:17:41,"40.73665584437549, -81.90251542255282",8.2,5.38,0.02
2026-05-12_09:17:42,"40.736665735021234, -81.90246110782027",10.04,5.18,0.03
2026-05-12_09:17:44,"40.73667830787599, -81.9024614430964",10.6,3.71,0.03
2026-05-12_09:17:46,"40.73669356293976, -81.90246077254415",9.91,5.25,0.03
2026-05-12_09:17:46,"40.73669590987265, -81.9025150872767",8.6,5.05,0.03
2026-05-12_09:17:48,"40.736707812175155, -81.90246010199189",10.37,5.35,0.04
2026-05-12_09:17:48,"40.73671099729836, -81.90251475200057",8.56,5.35,0.03
2026-05-12_09:17:49,"40.7367227319628, -81.90246010199189",10.47,5.02,0.03
2026-05-12_09:17:50,"40.73672574944794, -81.90251441672444",8.99,5.02,0.03
2026-05-12_09:17:51,"40.73673496954143, -81.90245909616351",10.14,5.18,0.03
2026-05-12_09:17:51,"40.73674167506397, -81.90251274034381",8.66,5.05,0.02
2026-05-12_09:17:52,"40.73674435727298, -81.90245876088738",9.97,1.67,0.01
2026-05-12_09:17:52,"40.73675307445228, -81.90251206979156",7.35,3.08,0.02
2026-05-12_09:18:05,"40.73685181327164, -81.90246043726802",9.15,5.02,0.03
2026-05-12_09:18:06,"40.73685851879418, -81.90251441672444",7.15,4.76,0.03
2026-05-12_09:18:06,"40.73686606250703, -81.90246010199189",9.58,5.22,0.03
2026-05-12_09:18:08,"40.73687679134309, -81.90251441672444",8.76,4.69,0.02
2026-05-12_09:18:08,"40.7368799764663, -81.90246010199189",9.71,5.18,0.04
2026-05-12_09:18:10,"40.73689389042556, -81.90251441672444",9.09,4.2,0.02
2026-05-12_09:18:10,"40.73689456097782, -81.90246010199189",10.47,5.15,0.04
2026-05-12_09:18:11,"40.73690830729902, -81.90246043726802",8.76,5.12,0.03
2026-05-12_09:18:12,"40.73691166006029, -81.90251475200057",8.2,5.25,0.02
2026-05-12_09:18:13,"40.736922891810536, -81.90246010199189",9.25,5.15,0.03
2026-05-12_09:18:14,"40.73692590929568, -81.90251441672444",8.5,5.15,0.03
2026-05-12_09:18:15,"40.73693663813174, -81.90245943143964",9.06,5.15,0.04
2026-05-12_09:18:15,"40.73694099672139, -81.90251374617219",8.33,5.02,0.03
2026-05-12_09:18:16,"40.736950216814876, -81.90251341089606",8.23,2.07,0.01
2026-05-12_09:18:16,"40.736950719729066, -81.90245943143964",9.19,5.09,0.04
2026-05-12_09:18:18,"40.73696346022189, -81.90251341089606",8.17,3.35,0.02
2026-05-12_09:18:18,"40.73696446605027, -81.90245909616351",8.99,5.02,0.04
2026-05-12_09:18:20,"40.73697636835277, -81.90251341089606",8.79,5.25,0.02
2026-05-12_09:18:20,"40.73697871528566, -81.90245909616351",9.45,4.99,0.04
2026-05-12_09:18:21,"40.73699095286429, -81.90251341089606",8.69,5.31,0.03
2026-05-12_09:18:22,"40.73699279688299, -81.90245943143964",10.43,5.31,0.05
2026-05-12_09:18:23,"40.73700604029, -81.90251307561994",9.74,5.25,0.03
2026-05-12_09:18:23,"40.737006878480315, -81.90245909616351",10.14,5.22,0.04
2026-05-12_09:18:25,"40.7370216306299, -81.90251240506768",7.97,5.25,0.03
2026-05-12_09:18:25,"40.73702096007764, -81.90245809033513",8.46,5.25,0.04
2026-05-12_09:18:27,"40.737036215141416, -81.9025113992393",8.6,5.35,0.03
2026-05-12_09:18:27,"40.73703554458916, -81.90245708450675",9.74,5.35,0.05
2026-05-12_09:18:29,"40.73705197311938, -81.90251039341092",9.12,5.35,0.03
2026-05-12_09:18:29,"40.73704929091036, -81.9024564139545",8.69,5.35,0.05
2026-05-12_09:18:30,"40.73706421069801, -81.90245607867837",8.86,5.02,0.04
2026-05-12_09:18:31,"40.73706873692572, -81.90251072868705",8.01,3.94,0.02
2026-05-12_09:18:32,"40.73707929812372, -81.90245674923062",8.07,5.12,0.04
2026-05-12_09:18:32,"40.73708198033273, -81.90251106396317",8.27,4.4,0.02
2026-05-12_09:18:34,"40.73709455318749, -81.90245741978288",7.97,5.35,0.04
2026-05-12_09:18:34,"40.73709354735911, -81.90251173451543",8.73,4.1,0.02
2026-05-12_09:18:35,"40.73710880242288, -81.902457755059",8.6,5.31,0.03
2026-05-12_09:18:36,"40.73711114935577, -81.90251240506768",8.89,5.18,0.02
2026-05-12_09:18:37,"40.73712355457246, -81.902457755059",8.37,5.35,0.03
2026-05-12_09:18:37,"40.737126069143414, -81.90251206979156",7.91,5.35,0.03
2026-05-12_09:18:39,"40.737138306722045, -81.90245741978288",7.78,5.02,0.03
2026-05-12_09:18:39,"40.73714115656912, -81.90251173451543",7.45,5.05,0.02
2026-05-12_09:18:40,"40.73715238831937, -81.90245741978288",8.14,5.09,0.03
2026-05-12_09:18:41,"40.737159261479974, -81.9025113992393",8.1,5.25,0.02
2026-05-12_09:18:42,"40.737166637554765, -81.90245708450675",7.91,5.12,0.03
2026-05-12_09:18:42,"40.73717082850635, -81.9025113992393",7.81,3.15,0.01
2026-05-12_09:18:43,"40.73718105442822, -81.90245708450675",8.5,5.12,0.04
2026-05-12_09:18:44,"40.737184239551425, -81.90251106396317",8.89,4.46,0.02
2026-05-12_09:18:44,"40.73719128035009, -81.90245708450675",5.81,2.36,0.01
2026-05-12_09:19:13,"40.73718256317079, -81.9023990817368",9.94,5.15,0.02
2026-05-12_09:19:14,"40.73717971332371, -81.90234510228038",8.6,3.71,0.02
2026-05-12_09:19:15,"40.737167643383145, -81.90239975228906",10.37,5.02,0.03
2026-05-12_09:19:15,"40.73716395534575, -81.90234577283263",6.63,5.02,0.02
2026-05-12_09:19:17,"40.73715289123356, -81.90240008756518",10.27,5.15,0.03
2026-05-12_09:19:18,"40.737138306722045, -81.90239941701293",9.45,5.28,0.03
2026-05-12_09:19:18,"40.73713746853173, -81.9023454375565",7.25,3.94,0.02
2026-05-12_09:19:20,"40.737126069143414, -81.90240008756518",9.84,4.76,0.03
2026-05-12_09:19:20,"40.73712372221053, -81.90234577283263",8.76,4.49,0.02
2026-05-12_09:19:21,"40.737111987546086, -81.90240075811744",10.24,4.1,0.03
2026-05-12_09:19:22,"40.73710729368031, -81.90234644338489",8.73,5.38,0.03
2026-05-12_09:19:23,"40.73709539137781, -81.90234711393714",7.78,3.87,0.02
2026-05-12_09:19:23,"40.737093882635236, -81.90240109339356",9.22,5.31,0.03
2026-05-12_09:19:25,"40.737080136314034, -81.90240176394582",9.68,5.09,0.03
2026-05-12_09:19:25,"40.73707996867597, -81.90234744921327",7.71,4.3,0.02
2026-05-12_09:19:26,"40.73706638999283, -81.90234711393714",7.25,3.77,0.02
2026-05-12_09:19:26,"40.73706571944058, -81.90240142866969",10.1,5.18,0.03
2026-05-12_09:19:28,"40.737053817138076, -81.90240109339356",9.35,2.99,0.02
2026-05-12_09:19:28,"40.737051805481315, -81.90234711393714",7.94,5.05,0.03
2026-05-12_09:19:30,"40.73703805916011, -81.90234711393714",8.73,5.38,0.03
2026-05-12_09:19:30,"40.73703705333173, -81.90240142866969",10.89,5.12,0.03
2026-05-12_09:19:31,"40.737023474648595, -81.90234744921327",8.69,5.22,0.03
2026-05-12_09:19:31,"40.73702230118215, -81.90240176394582",10.89,5.35,0.04
2026-05-12_09:19:33,"40.73700704611838, -81.90240109339356",8.99,5.05,0.03
2026-05-12_09:19:33,"40.737008890137076, -81.90234677866101",7.41,4.13,0.02
2026-05-12_09:19:35,"40.73699397034943, -81.90240142866969",11.25,4.86,0.03
2026-05-12_09:19:35,"40.73699246160686, -81.90234711393714",8.79,5.25,0.02
2026-05-12_09:19:36,"40.736979050561786, -81.90240176394582",10.07,4.59,0.03
2026-05-12_09:19:37,"40.73697821237147, -81.90234744921327",8.33,5.35,0.02
2026-05-12_09:19:38,"40.73696379549801, -81.90234811976552",8.23,5.25,0.03
2026-05-12_09:19:39,"40.736960442736745, -81.90240243449807",10.76,5.02,0.03
2026-05-12_09:19:40,"40.73694988153875, -81.9024027697742",11.02,2.4,0.02
2026-05-12_09:19:40,"40.73694887571037, -81.90234845504165",8.17,5.28,0.02
2026-05-12_09:19:41,"40.736937979236245, -81.90240310505033",11.15,5.18,0.03
2026-05-12_09:19:41,"40.7369349617511, -81.90234879031777",6.89,4.04,0.01
2026-05-12_09:19:43,"40.736922891810536, -81.90240310505033",10.07,5.31,0.03
2026-05-12_09:19:43,"40.73692155070603, -81.90234879031777",7.61,5.05,0.02
2026-05-12_09:19:45,"40.73690897785127, -81.9024027697742",10.86,5.28,0.03
2026-05-12_09:19:45,"40.736907133832574, -81.90234845504165",8.37,5.28,0.02
2026-05-12_09:19:46,"40.73689523153007, -81.90240344032645",10.76,5.18,0.03
2026-05-12_09:19:46,"40.73689238168299, -81.9023491255939",7.41,5.18,0.02
2026-05-12_09:19:47,"40.736881820484996, -81.90234979614615",7.05,2.59,0.01
2026-05-12_09:19:48,"40.73688148520887, -81.9024041108787",9.81,5.18,0.03
2026-05-12_09:19:49,"40.73687075637281, -81.9024041108787",9.19,2.53,0.02
2026-05-12_09:19:49,"40.736867068335414, -81.90235013142228",6.89,5.09,0.02
2026-05-12_09:19:51,"40.736857345327735, -81.9024041108787",9.48,5.28,0.03
2026-05-12_09:19:51,"40.736852986738086, -81.90234946087003",8.56,5.15,0.03
2026-05-12_09:19:52,"40.73684426955879, -81.90240377560258",9.19,3.64,0.02
2026-05-12_09:19:53,"40.73683940805495, -81.90234946087003",8.37,4.13,0.02
2026-05-12_09:20:04,"40.736742010340095, -81.90235046669841",8.23,5.09,0.03
2026-05-12_09:20:05,"40.73673999868333, -81.90240444615483",8.73,5.38,0.03
2026-05-12_09:20:06,"40.73672474361956, -81.90240511670709",10.47,5.25,0.03
2026-05-12_09:20:07,"40.736720049753785, -81.90235080197453",9.97,5.12,0.03
2026-05-12_09:20:08,"40.73671099729836, -81.90240511670709",8.53,5.22,0.03
2026-05-12_09:20:08,"40.73670613579452, -81.90235113725066",9.45,5.18,0.04
2026-05-12_09:20:10,"40.73669641278684, -81.90240545198321",8.46,5.15,0.03
2026-05-12_09:20:10,"40.736693227663636, -81.90235113725066",10.1,5.09,0.03
2026-05-12_09:20:11,"40.736683839932084, -81.90240545198321",8.17,5.02,0.03
2026-05-12_09:20:11,"40.73668082244694, -81.90235113725066",9.09,3.35,0.03
2026-05-12_09:20:13,"40.73666992597282, -81.90240578725934",9.32,5.02,0.03
2026-05-12_09:20:13,"40.736667243763804, -81.90235080197453",10.2,5.02,0.03
2026-05-12_09:20:15,"40.73665584437549, -81.90240612253547",9.55,5.35,0.04
2026-05-12_09:20:15,"40.7366534974426, -81.90235180780292",8.99,5.31,0.03
2026-05-12_09:20:16,"40.73664209805429, -81.9024064578116",8.86,5.02,0.03
2026-05-12_09:20:17,"40.736639415845275, -81.90235214307904",8.63,5.05,0.02
2026-05-12_09:20:18,"40.73662751354277, -81.9024064578116",8.3,5.02,0.03
2026-05-12_09:20:18,"40.73662550188601, -81.90235214307904",6.56,5.02,0.02
2026-05-12_09:20:20,"40.73661359958351, -81.9024064578116",9.12,5.05,0.04
2026-05-12_09:20:20,"40.736611587926745, -81.90235214307904",8.27,5.05,0.03
2026-05-12_09:20:22,"40.73659968562424, -81.9024064578116",8.73,5.05,0.03
2026-05-12_09:20:22,"40.73659750632942, -81.90235214307904",10.7,5.05,0.03
2026-05-12_09:20:23,"40.73658593930304, -81.90240679308772",9.78,5.18,0.03
2026-05-12_09:20:23,"40.736582251265645, -81.90235247835517",9.38,5.18,0.03
2026-05-12_09:20:25,"40.73657085187733, -81.9024064578116",9.32,5.25,0.03
2026-05-12_09:20:25,"40.73656867258251, -81.90235247835517",9.78,5.25,0.03
2026-05-12_09:20:27,"40.736555932089686, -81.9024064578116",9.28,5.28,0.03
2026-05-12_09:20:27,"40.73655526153743, -81.90235247835517",9.15,4.53,0.03
2026-05-12_09:20:28,"40.736541682854295, -81.90240679308772",8.07,5.28,0.03
2026-05-12_09:20:28,"40.736540677025914, -81.9023528136313",10.2,5.05,0.03
2026-05-12_09:20:30,"40.73652760125697, -81.90240746363997",9.19,5.28,0.03
2026-05-12_09:20:30,"40.73652575723827, -81.90235314890742",8.14,5.28,0.02
2026-05-12_09:20:32,"40.73651318438351, -81.90240846946836",10.43,5.28,0.03
2026-05-12_09:20:32,"40.73651066981256, -81.9023541547358",8.99,5.28,0.03
2026-05-12_09:20:33,"40.73649876751006, -81.90240880474448",9.81,5.25,0.03
2026-05-12_09:20:33,"40.736496252939105, -81.90235449001193",10.24,5.22,0.03
2026-05-12_09:20:35,"40.7364843506366, -81.90240846946836",9.51,5.22,0.03
2026-05-12_09:20:35,"40.73648166842759, -81.9023541547358",8.96,5.25,0.03
2026-05-12_09:20:37,"40.736468927934766, -81.9023541547358",9.25,4.13,0.02
2026-05-12_09:20:37,"40.73646959848702, -81.90240846946836",8.14,5.12,0.03
2026-05-12_09:20:38,"40.73645551688969, -81.90240846946836",8.66,5.25,0.03
2026-05-12_09:20:38,"40.736454175785184, -81.9023541547358",8.53,5.25,0.03
2026-05-12_09:20:40,"40.73644093237817, -81.90240914002061",9.15,5.28,0.03
2026-05-12_09:20:40,"40.736439591273665, -81.90235482528806",8.79,5.28,0.03
2026-05-12_09:20:42,"40.736425844952464, -81.90240880474448",8.92,5.25,0.03
2026-05-12_09:20:42,"40.736425844952464, -81.90235449001193",9.19,5.25,0.02
2026-05-12_09:20:43,"40.736411763355136, -81.90240846946836",8.89,5.22,0.03
2026-05-12_09:20:43,"40.73641209863126, -81.9023541547358",7.78,5.09,0.02
2026-05-12_09:20:45,"40.73640036396682, -81.90235449001193",7.41,3.74,0.02
2026-05-12_09:20:45,"40.73639885522425, -81.90240880474448",9.02,4.1,0.03
2026-05-12_09:21:16,"40.736399022862315, -81.90230319276452",8.69,5.38,0.03
2026-05-12_09:21:16,"40.7364013697952, -81.90224887803197",10.27,5.38,0.03
2026-05-12_09:21:17,"40.73641343973577, -81.9023041985929",10.1,5.28,0.03
2026-05-12_09:21:17,"40.736417630687356, -81.90225021913648",10.37,5.28,0.04
2026-05-12_09:21:18,"40.73642165400088, -81.9023041985929",6.66,0.82,0.0
2026-05-12_09:21:19,"40.73643020354211, -81.90230453386903",9.25,3.02,0.02
2026-05-12_09:21:19,"40.73643187992275, -81.9022505544126",10.93,5.35,0.04
2026-05-12_09:21:21,"40.73644562624395, -81.90224988386035",9.35,5.28,0.03
2026-05-12_09:21:21,"40.73644914664328, -81.90230386331677",8.43,3.12,0.02
2026-05-12_09:21:22,"40.736460546031594, -81.9022492133081",8.83,5.35,0.04
2026-05-12_09:21:22,"40.7364637311548, -81.90230319276452",8.01,3.84,0.02
2026-05-12_09:21:24,"40.73647462762892, -81.90224854275584",10.2,5.02,0.04
2026-05-12_09:21:24,"40.736477645114064, -81.90230252221227",8.01,3.22,0.01
2026-05-12_09:21:25,"40.736488038674, -81.90224820747972",10.01,5.05,0.03
2026-05-12_09:21:26,"40.73650144971907, -81.90224787220359",9.15,5.02,0.03
2026-05-12_09:21:27,"40.73651033453643, -81.90230185166001",9.71,4.33,0.02
2026-05-12_09:21:28,"40.73651469312608, -81.90224787220359",10.2,5.02,0.04
2026-05-12_09:21:29,"40.73652676306665, -81.90230185166001",8.27,4.07,0.02
2026-05-12_09:21:29,"40.736528942361474, -81.90224753692746",10.2,5.05,0.03
2026-05-12_09:21:31,"40.73654084466398, -81.90230185166001",7.19,2.92,0.02
2026-05-12_09:21:31,"40.73654335923493, -81.90224753692746",10.33,5.41,0.03
2026-05-12_09:21:32,"40.73655794374645, -81.90224753692746",10.1,5.35,0.04
2026-05-12_09:21:33,"40.73656800203025, -81.90230151638389",6.33,2.72,0.01
2026-05-12_09:21:34,"40.736572025343776, -81.90224720165133",10.43,5.35,0.04
2026-05-12_09:21:35,"40.73658409528434, -81.90230118110776",7.51,2.85,0.01
2026-05-12_09:21:36,"40.73658677749336, -81.90224686637521",9.48,5.31,0.03
2026-05-12_09:21:37,"40.736598344519734, -81.90230084583163",8.2,2.43,0.01
2026-05-12_09:21:37,"40.73660152964294, -81.90224653109908",11.12,5.28,0.04
2026-05-12_09:21:38,"40.736613096669316, -81.9023005105555",8.33,2.82,0.02
2026-05-12_09:21:39,"40.73661577887833, -81.90224619582295",10.73,5.22,0.03
2026-05-12_09:21:40,"40.73662550188601, -81.9023005105555",9.84,3.9,0.02
2026-05-12_09:21:40,"40.73663053102791, -81.90224586054683",11.75,5.22,0.04
2026-05-12_09:21:41,"40.736639415845275, -81.90230017527938",8.1,4.27,0.02
2026-05-12_09:21:42,"40.73664511553943, -81.90224586054683",11.19,5.18,0.04
2026-05-12_09:21:43,"40.73665785603225, -81.90229950472713",9.15,3.08,0.02
2026-05-12_09:21:43,"40.73665835894644, -81.9022455252707",11.61,5.25,0.03
2026-05-12_09:21:45,"40.73667009361088, -81.90229984000325",10.99,2.95,0.02
2026-05-12_09:21:45,"40.73667327873409, -81.9022455252707",12.11,5.25,0.03
2026-05-12_09:21:46,"40.736687360331416, -81.90224586054683",12.7,5.22,0.04
2026-05-12_09:21:47,"40.736687863245606, -81.90230017527938",9.65,5.22,0.02
2026-05-12_09:21:48,"40.736701944842935, -81.90224653109908",11.06,5.12,0.04
2026-05-12_09:21:48,"40.73670077137649, -81.9023005105555",8.4,4.07,0.02
2026-05-12_09:21:50,"40.736715188249946, -81.90224619582295",12.6,5.05,0.03
2026-05-12_09:21:50,"40.73671602644026, -81.9023005105555",9.25,5.28,0.02
2026-05-12_09:21:51,"40.73672826401889, -81.90230017527938",8.43,2.43,0.02
2026-05-12_09:21:51,"40.736729772761464, -81.90224586054683",10.93,5.28,0.03
2026-05-12_09:21:52,"40.736741004511714, -81.90229950472713",8.92,2.26,0.01
2026-05-12_09:21:53,"40.73673983104527, -81.90224485471845",9.78,3.77,0.02
2026-05-12_09:22:04,"40.73684091679752, -81.90229749307036",9.35,5.09,0.01
2026-05-12_09:22:05,"40.73684913106263, -81.90224317833781",11.65,5.25,0.03
2026-05-12_09:22:05,"40.73685550130904, -81.90229749307036",9.91,5.12,0.03
2026-05-12_09:22:06,"40.736863715574145, -81.90224317833781",11.52,5.12,0.03
2026-05-12_09:22:07,"40.736868577077985, -81.90229749307036",9.71,5.09,0.03
2026-05-12_09:22:08,"40.73687729425728, -81.90224351361394",11.15,5.12,0.03
2026-05-12_09:22:09,"40.73688148520887, -81.90229782834649",9.45,4.46,0.03
2026-05-12_09:22:09,"40.73689137585461, -81.90224384889007",10.17,5.15,0.03
2026-05-12_09:22:10,"40.73689674027264, -81.90229816362262",9.71,5.18,0.03
2026-05-12_09:22:11,"40.73690394870937, -81.90224384889007",11.15,5.15,0.03
2026-05-12_09:22:12,"40.73691149242222, -81.90229749307036",8.43,5.15,0.03
2026-05-12_09:22:13,"40.73691786266863, -81.90224317833781",11.42,5.09,0.03
2026-05-12_09:22:13,"40.7369230594486, -81.90229749307036",8.89,3.77,0.02
2026-05-12_09:22:14,"40.73693077079952, -81.90224284306169",11.84,5.09,0.02
2026-05-12_09:22:15,"40.73693965561688, -81.90229749307036",9.84,5.35,0.03
2026-05-12_09:22:16,"40.73694451712072, -81.90224284306169",11.81,5.05,0.04
2026-05-12_09:22:17,"40.73695491068065, -81.90229682251811",8.56,5.35,0.03
2026-05-12_09:22:17,"40.73695809580386, -81.90224250778556",10.53,5.31,0.03
2026-05-12_09:22:18,"40.736966812983155, -81.90229648724198",8.6,3.58,0.02
2026-05-12_09:22:19,"40.736972177401185, -81.90224217250943",11.32,5.05,0.03
2026-05-12_09:22:20,"40.73697972111404, -81.90229682251811",8.3,5.18,0.02
2026-05-12_09:22:21,"40.736985923722386, -81.90224250778556",10.24,5.02,0.03
2026-05-12_09:22:22,"40.736994640901685, -81.90229682251811",9.15,5.31,0.03
2026-05-12_09:22:22,"40.73699967004359, -81.90224284306169",10.99,5.31,0.03
2026-05-12_09:22:23,"40.73700570501387, -81.90229648724198",9.32,2.72,0.02
2026-05-12_09:22:24,"40.73701458983123, -81.90224217250943",11.61,5.31,0.04
2026-05-12_09:22:24,"40.73701945133507, -81.90229648724198",9.48,4.27,0.03
2026-05-12_09:22:26,"40.73702900670469, -81.90224217250943",10.47,5.31,0.04
2026-05-12_09:22:26,"40.737034706398845, -81.90229648724198",8.43,4.86,0.03
2026-05-12_09:22:27,"40.737042082473636, -81.90224250778556",9.02,3.38,0.02
2026-05-12_09:22:28,"40.737048955634236, -81.90229715779424",9.28,5.28,0.03
2026-05-12_09:22:29,"40.737058678641915, -81.9022441841662",10.56,5.35,0.04
2026-05-12_09:22:30,"40.73706219904125, -81.90229816362262",8.69,5.25,0.02
2026-05-12_09:22:30,"40.737071922048926, -81.90224485471845",10.37,5.22,0.04
2026-05-12_09:22:31,"40.73707443661988, -81.90229782834649",8.86,2.99,0.02
2026-05-12_09:22:32,"40.737084997817874, -81.90224351361394",9.84,5.15,0.04
2026-05-12_09:22:33,"40.737091870978475, -81.90229749307036",9.09,5.25,0.03
2026-05-12_09:22:34,"40.73709891177714, -81.90224317833781",10.07,5.12,0.04
2026-05-12_09:22:35,"40.73710427619517, -81.90229715779424",8.86,3.22,0.02
2026-05-12_09:22:35,"40.73711249046028, -81.90224284306169",9.84,5.18,0.03
2026-05-12_09:22:37,"40.73712573386729, -81.90224250778556",9.45,5.25,0.03
2026-05-12_09:22:37,"40.73712640441954, -81.90229682251811",8.01,5.25,0.02
2026-05-12_09:22:39,"40.73713948018849, -81.90224150195718",10.37,5.25,0.03
2026-05-12_09:22:39,"40.73714484460652, -81.9022954814136",7.71,5.02,0.02
2026-05-12_09:22:40,"40.737153394147754, -81.9022404961288",10.66,5.25,0.03
2026-05-12_09:22:41,"40.737159261479974, -81.90229447558522",8.66,5.22,0.02
2026-05-12_09:22:42,"40.737167643383145, -81.90224016085267",9.97,5.12,0.03
2026-05-12_09:22:42,"40.737170996144414, -81.90229447558522",8.73,3.77,0.02
2026-05-12_09:22:44,"40.73718122206628, -81.90224016085267",10.93,5.02,0.04
2026-05-12_09:22:44,"40.73718407191336, -81.9022941403091",9.71,4.3,0.03
2026-05-12_09:22:45,"40.73719094507396, -81.90223982557654",4.76,1.9,0.01
2026-05-12_09:23:14,"40.7371770311147, -81.90218551084399",9.68,4.1,0.02
2026-05-12_09:23:14,"40.737176863476634, -81.90213119611144",7.51,5.18,0.03
2026-05-12_09:23:16,"40.737161273136735, -81.90213220193982",8.46,5.18,0.03
2026-05-12_09:23:16,"40.73716160841286, -81.90218651667237",9.88,5.35,0.03
2026-05-12_09:23:17,"40.73714987374842, -81.90218718722463",7.87,2.26,0.01
2026-05-12_09:23:17,"40.737150041386485, -81.9021332077682",8.1,2.95,0.02
2026-05-12_09:23:18,"40.7371371332556, -81.9021868519485",9.32,3.58,0.02
2026-05-12_09:23:18,"40.73713864199817, -81.90213253721595",7.78,5.02,0.02
2026-05-12_09:23:20,"40.73712422512472, -81.90213220193982",7.55,5.05,0.03
2026-05-12_09:23:20,"40.737122716382146, -81.90218651667237",10.93,5.31,0.03
2026-05-12_09:23:21,"40.73710913769901, -81.90213220193982",9.15,5.18,0.03
2026-05-12_09:23:22,"40.737107964232564, -81.90218618139625",9.51,5.02,0.02
2026-05-12_09:23:23,"40.73709555901587, -81.9021318666637",8.23,4.69,0.03
2026-05-12_09:23:23,"40.737094385549426, -81.90218584612012",8.43,5.12,0.02
2026-05-12_09:23:25,"40.737081142142415, -81.90218551084399",7.97,4.36,0.02
2026-05-12_09:23:25,"40.73708047159016, -81.90213119611144",8.07,5.02,0.02
2026-05-12_09:23:26,"40.73706622235477, -81.90218584612012",10.27,5.15,0.03
2026-05-12_09:23:26,"40.737065551802516, -81.9021318666637",8.37,5.15,0.03
2026-05-12_09:23:27,"40.73705448769033, -81.90218651667237",9.65,3.18,0.02
2026-05-12_09:23:28,"40.737052308395505, -81.90213220193982",9.38,5.15,0.02
2026-05-12_09:23:29,"40.737043088302016, -81.90218651667237",10.04,4.2,0.03
2026-05-12_09:23:29,"40.73703738860786, -81.90213220193982",9.38,5.15,0.03
2026-05-12_09:23:30,"40.73702917434275, -81.90218651667237",9.45,5.38,0.03
2026-05-12_09:23:31,"40.73702380992472, -81.90213220193982",7.71,5.12,0.03
2026-05-12_09:23:32,"40.73701458983123, -81.9021868519485",10.33,5.18,0.02
2026-05-12_09:23:33,"40.73700905777514, -81.90213220193982",7.81,5.18,0.03
2026-05-12_09:23:34,"40.73700017295778, -81.9021868519485",10.99,5.09,0.02
2026-05-12_09:23:34,"40.73699447326362, -81.90213253721595",9.42,5.22,0.03
2026-05-12_09:23:35,"40.73698625899851, -81.90218718722463",11.88,5.22,0.03
2026-05-12_09:23:36,"40.736980056390166, -81.9021332077682",8.04,5.22,0.03
2026-05-12_09:23:37,"40.736971171572804, -81.90218752250075",9.71,5.22,0.03
2026-05-12_09:23:37,"40.736965807154775, -81.90213287249207",8.4,5.22,0.03
2026-05-12_09:23:38,"40.73695725761354, -81.9021868519485",10.5,5.18,0.03
2026-05-12_09:23:39,"40.736952563747764, -81.90213253721595",8.33,5.12,0.03
2026-05-12_09:23:40,"40.736942840740085, -81.90218651667237",10.14,5.09,0.03
2026-05-12_09:23:40,"40.73693814687431, -81.90213253721595",8.56,5.09,0.03
2026-05-12_09:23:42,"40.73692859150469, -81.9021868519485",10.56,5.28,0.03
2026-05-12_09:23:42,"40.73692322708666, -81.90213287249207",8.53,5.18,0.03
2026-05-12_09:23:43,"40.736915515735745, -81.90218718722463",9.74,3.64,0.02
2026-05-12_09:23:43,"40.73690981604159, -81.90213287249207",11.09,5.25,0.03
2026-05-12_09:23:44,"40.73690260760486, -81.90218718722463",8.79,3.71,0.02
2026-05-12_09:23:45,"40.73689171113074, -81.90213354304433",7.81,4.56,0.02
2026-05-12_09:23:46,"40.73688902892172, -81.90218752250075",7.45,3.77,0.02
2026-05-12_09:23:47,"40.73687410913408, -81.90218718722463",10.01,5.15,0.03
2026-05-12_09:23:48,"40.73687461204827, -81.90213287249207",8.33,5.02,0.03
2026-05-12_09:23:48,"40.736863715574145, -81.90218718722463",8.86,3.18,0.02
2026-05-12_09:23:50,"40.73685080744326, -81.90218819305301",9.61,3.97,0.03
2026-05-12_09:24:02,"40.7367433514446, -81.90213488414884",9.12,5.09,0.03
2026-05-12_09:24:03,"40.736735137179494, -81.90219020470977",9.88,3.54,0.02
2026-05-12_09:24:04,"40.73672826401889, -81.90213622525334",8.86,5.15,0.04
2026-05-12_09:24:04,"40.73672172613442, -81.9021905399859",10.2,4.76,0.03
2026-05-12_09:24:05,"40.73671435005963, -81.90213656052947",9.12,5.12,0.03
2026-05-12_09:24:06,"40.73670580051839, -81.90219020470977",9.91,5.38,0.03
2026-05-12_09:24:07,"40.73669976554811, -81.90213622525334",8.14,5.12,0.03
2026-05-12_09:24:08,"40.736692724749446, -81.90219020470977",10.24,4.86,0.03
2026-05-12_09:24:08,"40.736684845760465, -81.90213656052947",9.19,5.35,0.04
2026-05-12_09:24:09,"40.736677469685674, -81.90219087526202",9.88,5.25,0.03
2026-05-12_09:24:10,"40.73666959069669, -81.90213723108172",8.6,5.05,0.03
2026-05-12_09:24:11,"40.73666271753609, -81.90219154581428",10.53,5.22,0.03
2026-05-12_09:24:12,"40.73665198870003, -81.9021918810904",10.24,2.17,0.01
2026-05-12_09:24:13,"40.736645786091685, -81.90213756635785",8.6,5.15,0.03
2026-05-12_09:24:14,"40.73663572780788, -81.9021918810904",10.63,5.22,0.03
2026-05-12_09:24:15,"40.73663120158017, -81.90213790163398",11.78,5.35,0.03
2026-05-12_09:24:16,"40.7366209756583, -81.90219221636653",11.09,5.35,0.03
2026-05-12_09:24:16,"40.73661661706865, -81.90213790163398",10.56,5.35,0.04
2026-05-12_09:24:17,"40.736606223508716, -81.90219221636653",11.45,5.25,0.03
2026-05-12_09:24:18,"40.73660152964294, -81.9021382369101",7.64,5.28,0.02
2026-05-12_09:24:19,"40.73659264482558, -81.90219288691878",11.35,5.31,0.03
2026-05-12_09:24:20,"40.73658744804561, -81.90213857218623",10.53,5.31,0.03
2026-05-12_09:24:20,"40.73657940141857, -81.90219288691878",8.2,1.64,0.0
2026-05-12_09:24:21,"40.736574372276664, -81.9021382369101",8.6,5.31,0.03
2026-05-12_09:24:22,"40.7365654874593, -81.90219255164266",9.84,3.15,0.02
2026-05-12_09:24:23,"40.73656096123159, -81.90213790163398",8.79,5.25,0.04
2026-05-12_09:24:24,"40.73655107058585, -81.90219255164266",10.01,5.22,0.03
2026-05-12_09:24:25,"40.73654620908201, -81.90213790163398",8.89,5.09,0.02
2026-05-12_09:24:26,"40.7365361507982, -81.9021918810904",10.53,5.15,0.03
2026-05-12_09:24:26,"40.736532462760806, -81.90213756635785",9.09,5.15,0.02
2026-05-12_09:24:27,"40.73652190156281, -81.9021918810904",9.51,5.12,0.03
2026-05-12_09:24:28,"40.73651854880154, -81.90213756635785",9.71,5.12,0.03
2026-05-12_09:24:29,"40.736507484689355, -81.90219154581428",9.58,5.12,0.03
2026-05-12_09:24:30,"40.736504131928086, -81.90213756635785",8.6,5.31,0.03
2026-05-12_09:24:31,"40.73649340309203, -81.90219154581428",8.79,5.09,0.02
2026-05-12_09:24:31,"40.73648954741657, -81.90213756635785",8.73,5.12,0.03
2026-05-12_09:24:33,"40.736480159685016, -81.9021918810904",8.73,5.12,0.03
2026-05-12_09:24:33,"40.736475298181176, -81.90213790163398",9.51,5.12,0.03
2026-05-12_09:24:34,"40.73646607808769, -81.90219255164266",9.22,5.12,0.03
2026-05-12_09:24:35,"40.73646138422191, -81.90213857218623",9.48,5.15,0.03
2026-05-12_09:24:36,"40.73645199649036, -81.90219288691878",8.79,5.18,0.03
2026-05-12_09:24:36,"40.73644361458719, -81.90219355747104",5.97,1.02,0.01
2026-05-12_09:24:36,"40.73644730262458, -81.90213890746236",8.89,5.22,0.03
2026-05-12_09:24:38,"40.73643238283694, -81.90219355747104",8.33,4.23,0.03
2026-05-12_09:24:38,"40.73643338866532, -81.90213924273849",8.83,5.25,0.03
2026-05-12_09:24:40,"40.73641779832542, -81.90213991329074",10.1,5.31,0.03
2026-05-12_09:24:40,"40.73641913942993, -81.90219422802329",9.09,4.92,0.02
2026-05-12_09:24:41,"40.736406901851296, -81.90214024856687",10.14,2.72,0.02
2026-05-12_09:24:42,"40.736398017033935, -81.90219489857554",8.66,5.18,0.02
2026-05-12_09:25:12,"40.73640455491841, -81.90208727493882",8.46,5.18,0.02
2026-05-12_09:25:12,"40.7364032138139, -81.90203296020627",7.68,5.18,0.03
2026-05-12_09:25:13,"40.736417630687356, -81.90208727493882",8.33,3.81,0.02
2026-05-12_09:25:14,"40.736418133601546, -81.90203296020627",9.15,5.05,0.03
2026-05-12_09:25:14,"40.736428862437606, -81.90208727493882",6.69,3.15,0.01
2026-05-12_09:25:15,"40.73643305338919, -81.90203262493014",9.35,5.38,0.03
2026-05-12_09:25:16,"40.73644529096782, -81.9020869396627",8.07,5.12,0.03
2026-05-12_09:25:17,"40.73644897900522, -81.90203296020627",8.79,5.02,0.03
2026-05-12_09:25:18,"40.73645736090839, -81.90208727493882",9.32,5.05,0.03
2026-05-12_09:25:18,"40.73646222241223, -81.9020332954824",9.09,5.05,0.03
2026-05-12_09:25:19,"40.73647043667734, -81.90208727493882",9.65,3.9,0.02
2026-05-12_09:25:20,"40.7364756334573, -81.90203262493014",9.65,5.02,0.03
2026-05-12_09:25:21,"40.73648518882692, -81.90208660438657",10.04,5.02,0.03
2026-05-12_09:25:21,"40.73649021796882, -81.90203228965402",9.25,5.15,0.03
2026-05-12_09:25:22,"40.7364980969578, -81.90208626911044",10.89,4.23,0.03
2026-05-12_09:25:22,"40.73650279082358, -81.90203195437789",8.86,5.09,0.04
2026-05-12_09:25:23,"40.73651318438351, -81.90208626911044",10.27,5.18,0.03
2026-05-12_09:25:24,"40.73651620186865, -81.90203195437789",8.92,5.02,0.04
2026-05-12_09:25:25,"40.736530451104045, -81.90203161910176",9.61,5.41,0.04
2026-05-12_09:25:26,"40.73653933592141, -81.90208626911044",9.58,5.22,0.03
2026-05-12_09:25:27,"40.73654520325363, -81.90203195437789",10.3,5.35,0.04
2026-05-12_09:25:28,"40.73655425570905, -81.90208559855819",10.63,5.35,0.03
2026-05-12_09:25:29,"40.73655945248902, -81.90203094854951",9.88,5.28,0.03
2026-05-12_09:25:29,"40.736564146354795, -81.90208492800593",6.36,2.0,0.01
2026-05-12_09:25:30,"40.7365742046386, -81.90203027799726",10.01,5.22,0.03
2026-05-12_09:25:31,"40.73658526875079, -81.9020845927298",8.53,5.35,0.03
2026-05-12_09:25:32,"40.73658845387399, -81.90202994272113",10.24,5.18,0.03
2026-05-12_09:25:32,"40.73659683577716, -81.9020845927298",9.48,2.62,0.02
2026-05-12_09:25:33,"40.73660220019519, -81.90203027799726",10.73,5.12,0.04
2026-05-12_09:25:34,"40.736610582098365, -81.9020845927298",10.3,5.09,0.03
2026-05-12_09:25:35,"40.73661711998284, -81.90203027799726",11.06,5.09,0.04
2026-05-12_09:25:36,"40.73662449605763, -81.9020845927298",9.91,5.05,0.03
2026-05-12_09:25:36,"40.7366310339421, -81.90203061327338",10.76,5.05,0.03
2026-05-12_09:25:37,"40.73663908056915, -81.90208425745368",10.96,5.09,0.03
2026-05-12_09:25:38,"40.73664360679686, -81.90202994272113",10.63,5.12,0.04
2026-05-12_09:25:39,"40.736652659252286, -81.90208425745368",8.89,5.15,0.03
2026-05-12_09:25:39,"40.73665785603225, -81.90202994272113",10.86,5.15,0.03
2026-05-12_09:25:40,"40.7366659026593, -81.90208425745368",9.15,5.09,0.03
2026-05-12_09:25:41,"40.73667176999152, -81.90202994272113",9.28,5.09,0.04
2026-05-12_09:25:42,"40.73667981661856, -81.90208425745368",9.61,5.05,0.03
2026-05-12_09:25:43,"40.73668568395078, -81.90202994272113",8.89,5.05,0.03
2026-05-12_09:25:44,"40.73669356293976, -81.9020845927298",9.42,5.02,0.03
2026-05-12_09:25:44,"40.736697083339095, -81.90202927216887",8.6,5.05,0.04
2026-05-12_09:25:45,"40.7367089856416, -81.9020832516253",9.38,5.09,0.03
2026-05-12_09:25:46,"40.73671300895512, -81.90202994272113",8.5,5.09,0.03
2026-05-12_09:25:47,"40.73672072030604, -81.90208425745368",10.37,5.05,0.04
2026-05-12_09:25:47,"40.73672658763826, -81.90203061327338",10.3,5.02,0.03
2026-05-12_09:25:48,"40.736734634265304, -81.90208492800593",9.19,5.02,0.03
2026-05-12_09:25:49,"40.7367401663214, -81.90203061327338",9.38,5.05,0.03
2026-05-12_09:25:50,"40.73674653656781, -81.9020845927298",8.63,4.3,0.02
2026-05-12_09:25:50,"40.73675257153809, -81.90203027799726",4.46,3.02,0.01
2026-05-12_09:26:00,"40.73683789931238, -81.90208425745368",9.06,5.09,0.03
2026-05-12_09:26:02,"40.736853489652276, -81.90208358690143",9.97,5.35,0.03
2026-05-12_09:26:05,"40.736885173246264, -81.90208291634917",11.48,5.05,0.03
2026-05-12_09:26:07,"40.736897913739085, -81.90208291634917",9.81,5.05,0.03
2026-05-12_09:26:08,"40.73691333644092, -81.90208258107305",9.38,5.38,0.03
2026-05-12_09:26:10,"40.736928256228566, -81.90208157524467",9.61,5.35,0.04
2026-05-12_09:26:12,"40.73694267310202, -81.90208123996854",9.94,5.25,0.04
2026-05-12_09:26:13,"40.736956084147096, -81.90208123996854",6.86,0.89,0.0
2026-05-12_09:26:15,"40.736970668658614, -81.90208157524467",9.15,5.25,0.03
2026-05-12_09:26:17,"40.73698475025594, -81.90208157524467",9.42,5.02,0.03
2026-05-12_09:26:17,"40.736987264826894, -81.90202726051211",10.3,5.25,0.03
2026-05-12_09:26:18,"40.736998999491334, -81.90208090469241",9.65,5.31,0.04
2026-05-12_09:26:19,"40.73700520209968, -81.90202658995986",10.37,5.05,0.03
2026-05-12_09:26:20,"40.737013751640916, -81.90208023414016",9.28,5.31,0.03
2026-05-12_09:26:21,"40.737018613144755, -81.90202558413148",10.99,5.31,0.03
2026-05-12_09:26:22,"40.73702816851437, -81.9020795635879",9.09,4.66,0.03
2026-05-12_09:26:23,"40.73703336529434, -81.90202491357923",10.1,5.28,0.03
2026-05-12_09:26:24,"40.73704828508198, -81.90202491357923",9.32,5.35,0.04
2026-05-12_09:26:25,"40.737053817138076, -81.90207922831178",10.76,5.35,0.03
2026-05-12_09:26:26,"40.737063037231565, -81.90202491357923",10.07,5.22,0.03
2026-05-12_09:26:26,"40.737068401649594, -81.90207922831178",9.28,5.35,0.03
2026-05-12_09:26:28,"40.73707711882889, -81.90202491357923",10.27,5.22,0.03
2026-05-12_09:26:28,"40.73708382435143, -81.90207922831178",8.63,5.22,0.03
2026-05-12_09:26:29,"40.737091368064284, -81.9020245783031",10.17,5.25,0.03
2026-05-12_09:26:30,"40.737098241224885, -81.9020782224834",7.41,5.22,0.04
2026-05-12_09:26:30,"40.73710176162422, -81.90202390775084",8.92,2.95,0.02
2026-05-12_09:26:32,"40.737111484631896, -81.90207788720727",8.46,5.15,0.03
2026-05-12_09:26:32,"40.737115843221545, -81.90202390775084",8.89,5.15,0.03
2026-05-12_09:26:33,"40.73712489567697, -81.9020782224834",8.83,5.18,0.03
2026-05-12_09:26:34,"40.737130427733064, -81.90202390775084",9.35,5.18,0.03
2026-05-12_09:26:35,"40.737138809636235, -81.9020782224834",9.61,5.22,0.02
2026-05-12_09:26:36,"40.737145179882646, -81.90202390775084",9.09,5.22,0.03
2026-05-12_09:26:36,"40.737151550129056, -81.9020782224834",8.86,3.58,0.02
2026-05-12_09:26:36,"40.73715523816645, -81.90202390775084",7.84,2.23,0.02
2026-05-12_09:26:38,"40.73716479353607, -81.90207855775952",8.73,5.02,0.03
2026-05-12_09:26:38,"40.737167140468955, -81.90202424302697",9.88,4.63,0.02
2026-05-12_09:26:40,"40.73717770166695, -81.9020782224834",9.19,4.43,0.02
2026-05-12_09:26:40,"40.7371820602566, -81.90202390775084",8.6,3.22,0.02
2026-05-12_09:27:10,"40.73717569001019, -81.90196691080928",10.04,5.22,0.04
2026-05-12_09:27:10,"40.737172001972795, -81.90191259607673",7.58,5.35,0.02
2026-05-12_09:27:11,"40.7371595967561, -81.9019122608006",7.61,3.22,0.02
2026-05-12_09:27:11,"40.73716009967029, -81.90196657553315",8.89,5.15,0.03
2026-05-12_09:27:13,"40.737144174054265, -81.90196657553315",9.09,5.05,0.03
2026-05-12_09:27:14,"40.73714182712138, -81.9019122608006",8.46,5.31,0.03
2026-05-12_09:27:15,"40.73712925426662, -81.90191293135285",8.5,3.25,0.02
2026-05-12_09:27:15,"40.73712891899049, -81.9019672460854",8.92,5.25,0.03
2026-05-12_09:27:16,"40.73711953125894, -81.9019672460854",7.25,1.25,0.01
2026-05-12_09:27:16,"40.73711718432605, -81.90191326662898",8.23,4.36,0.02
2026-05-12_09:27:17,"40.737108467146754, -81.90196791663766",9.28,5.12,0.03
2026-05-12_09:27:18,"40.737102599814534, -81.90191360190511",8.1,5.15,0.02
2026-05-12_09:27:19,"40.7370940502733, -81.90196791663766",8.79,5.25,0.03
2026-05-12_09:27:20,"40.73708818294108, -81.90191360190511",6.86,5.15,0.02
2026-05-12_09:27:21,"40.73707929812372, -81.90196758136153",9.84,5.28,0.03
2026-05-12_09:27:21,"40.7370734307915, -81.90191326662898",7.55,5.28,0.03
2026-05-12_09:27:22,"40.737066054716706, -81.90196758136153",8.76,3.9,0.02
2026-05-12_09:27:22,"40.737062031403184, -81.90191360190511",7.25,3.02,0.02
2026-05-12_09:27:24,"40.737050967291, -81.90196758136153",9.88,5.15,0.03
2026-05-12_09:27:24,"40.73704962618649, -81.90191326662898",7.97,5.28,0.04
2026-05-12_09:27:26,"40.737036215141416, -81.90196791663766",10.27,5.31,0.03
2026-05-12_09:27:26,"40.73703386820853, -81.90191360190511",7.09,5.35,0.03
2026-05-12_09:27:27,"40.73702129535377, -81.90196858718991",10.43,5.35,0.03
2026-05-12_09:27:27,"40.73701844550669, -81.90191460773349",7.02,5.35,0.03
2026-05-12_09:27:29,"40.737006878480315, -81.9019695930183",10.27,5.38,0.03
2026-05-12_09:27:29,"40.737003022804856, -81.90191561356187",8.53,5.38,0.03
2026-05-12_09:27:30,"40.73699246160686, -81.90197026357055",8.63,5.02,0.03
2026-05-12_09:27:31,"40.7369886059314, -81.901915948838",7.71,5.02,0.03
2026-05-12_09:27:32,"40.7369767036289, -81.901915948838",6.69,3.48,0.02
2026-05-12_09:27:32,"40.73697770945728, -81.90197026357055",10.43,5.02,0.03
2026-05-12_09:27:34,"40.73696329258382, -81.90197026357055",8.6,5.38,0.03
2026-05-12_09:27:34,"40.736962454393506, -81.901915948838",7.68,5.38,0.03
2026-05-12_09:27:35,"40.73694904334843, -81.90196992829442",10.83,5.31,0.04
2026-05-12_09:27:35,"40.7369473669678, -81.901915948838",7.41,5.18,0.03
2026-05-12_09:27:37,"40.73693345300853, -81.90196992829442",10.04,5.31,0.03
2026-05-12_09:27:37,"40.736932614818215, -81.90191561356187",8.01,5.31,0.03
2026-05-12_09:27:38,"40.736920880153775, -81.90191527828574",6.14,2.69,0.01
2026-05-12_09:27:39,"40.736918868497014, -81.9019695930183",9.12,4.99,0.03
2026-05-12_09:27:40,"40.73690881021321, -81.90191527828574",8.17,5.28,0.03
2026-05-12_09:27:40,"40.73690545745194, -81.90196925774217",8.89,5.05,0.03
2026-05-12_09:27:42,"40.73689087294042, -81.9019695930183",9.71,5.09,0.03
2026-05-12_09:27:42,"40.73689087294042, -81.90191527828574",7.94,5.22,0.03
2026-05-12_09:27:43,"40.73687662370503, -81.90196992829442",9.25,5.15,0.03
2026-05-12_09:27:43,"40.73687612079084, -81.90191561356187",7.74,5.15,0.03
2026-05-12_09:27:45,"40.73686237446964, -81.90196992829442",9.25,5.18,0.04
2026-05-12_09:27:45,"40.736861703917384, -81.90191561356187",7.81,5.18,0.03
2026-05-12_09:27:46,"40.73684795759618, -81.90196992829442",9.25,5.18,0.03
2026-05-12_09:27:46,"40.73684728704393, -81.90191561356187",7.61,4.79,0.02
2026-05-12_09:27:47,"40.736836390569806, -81.90196925774217",8.46,2.33,0.01
2026-05-12_09:27:59,"40.73673547245562, -81.901915948838",9.32,5.09,0.03
2026-05-12_09:27:59,"40.736735640093684, -81.90196992829442",10.47,5.22,0.03
2026-05-12_09:28:00,"40.73672189377248, -81.90191628411412",8.96,5.15,0.04
2026-05-12_09:28:00,"40.7367208879441, -81.90197059884667",9.91,5.15,0.04
2026-05-12_09:28:02,"40.736707812175155, -81.90191695466638",8.83,5.18,0.04
2026-05-12_09:28:02,"40.73670697398484, -81.90197126939893",12.07,5.18,0.03
2026-05-12_09:28:03,"40.73669356293976, -81.90191695466638",8.4,5.18,0.04
2026-05-12_09:28:03,"40.736692724749446, -81.90197126939893",10.56,5.18,0.03
2026-05-12_09:28:05,"40.73668015189469, -81.9019172899425",7.19,5.18,0.03
2026-05-12_09:28:05,"40.736678475514054, -81.90197160467505",9.71,5.18,0.03
2026-05-12_09:28:06,"40.73666539974511, -81.9019172899425",8.83,5.15,0.04
2026-05-12_09:28:06,"40.73666472919285, -81.90197160467505",9.25,5.15,0.03
2026-05-12_09:28:08,"40.73665131814778, -81.9019172899425",9.28,5.12,0.04
2026-05-12_09:28:08,"40.73665081523359, -81.90197160467505",11.02,5.12,0.03
2026-05-12_09:28:09,"40.73663690127432, -81.90191762521863",8.73,5.09,0.04
2026-05-12_09:28:10,"40.73663690127432, -81.90197160467505",11.19,4.95,0.03
2026-05-12_09:28:11,"40.73662315495312, -81.90191796049476",9.28,5.09,0.04
2026-05-12_09:28:11,"40.73662164621055, -81.90197227522731",11.61,5.09,0.03
2026-05-12_09:28:13,"40.73660924099386, -81.90191863104701",9.19,5.05,0.04
2026-05-12_09:28:13,"40.73660806752741, -81.90197294577956",11.68,5.05,0.03
2026-05-12_09:28:14,"40.7365948241204, -81.90191963687539",7.97,5.35,0.03
2026-05-12_09:28:15,"40.73659415356815, -81.90197395160794",11.65,5.31,0.04
2026-05-12_09:28:16,"40.73658040724695, -81.90191997215152",8.56,5.22,0.04
2026-05-12_09:28:16,"40.736579736694694, -81.90197428688407",11.55,5.25,0.03
2026-05-12_09:28:18,"40.73656682856381, -81.90191997215152",9.45,5.25,0.04
2026-05-12_09:28:18,"40.73656498454511, -81.90197395160794",11.45,5.28,0.03
2026-05-12_09:28:19,"40.736553417518735, -81.90191930159926",7.84,5.02,0.03
2026-05-12_09:28:19,"40.73655023239553, -81.90197361633182",10.66,5.02,0.04
2026-05-12_09:28:21,"40.73653950355947, -81.90191930159926",8.69,5.28,0.04
2026-05-12_09:28:21,"40.73653698898852, -81.90197328105569",10.76,5.25,0.04
2026-05-12_09:28:23,"40.73652491904795, -81.90191930159926",8.2,5.22,0.04
2026-05-12_09:28:23,"40.73652273975313, -81.90197361633182",10.04,5.22,0.04
2026-05-12_09:28:24,"40.73651033453643, -81.90191963687539",8.43,5.18,0.03
2026-05-12_09:28:24,"40.73650932870805, -81.90197395160794",10.79,5.18,0.04
2026-05-12_09:28:26,"40.73649608530104, -81.90192030742764",7.87,5.12,0.04
2026-05-12_09:28:26,"40.7364949118346, -81.9019746221602",9.97,5.12,0.03
2026-05-12_09:28:28,"40.736482506617904, -81.90192064270377",8.53,5.12,0.04
2026-05-12_09:28:28,"40.73648200370371, -81.9019746221602",10.76,4.27,0.03
2026-05-12_09:28:29,"40.736468425020576, -81.90192064270377",7.71,5.12,0.03
2026-05-12_09:28:30,"40.73646523989737, -81.9019746221602",12.34,5.35,0.03
2026-05-12_09:28:31,"40.736454175785184, -81.90192030742764",7.91,5.12,0.04
2026-05-12_09:28:31,"40.73645048774779, -81.9019746221602",10.99,5.15,0.03
2026-05-12_09:28:33,"40.73643992654979, -81.90191997215152",7.94,5.15,0.03
2026-05-12_09:28:33,"40.7364362385124, -81.90197428688407",9.88,5.15,0.03
2026-05-12_09:28:34,"40.73642550967634, -81.90192030742764",7.87,5.15,0.03
2026-05-12_09:28:35,"40.73642282746732, -81.9019746221602",12.37,5.15,0.04
2026-05-12_09:28:36,"40.73641092516482, -81.90192064270377",8.04,5.18,0.03
2026-05-12_09:28:36,"40.736408242955804, -81.90197529271245",11.09,5.18,0.03
2026-05-12_09:28:38,"40.736397514119744, -81.9019209779799",7.25,5.18,0.03
2026-05-12_09:28:38,"40.73639600537717, -81.90197529271245",9.22,3.58,0.02
2026-05-12_09:30:36,"40.73641092516482, -81.90187135711312",8.6,5.18,0.03
2026-05-12_09:30:37,"40.73642500676215, -81.901871021837",8.23,5.12,0.03
2026-05-12_09:30:39,"40.73643892072141, -81.901871021837",9.65,4.86,0.03
2026-05-12_09:30:41,"40.736456690356135, -81.90187001600862",9.81,5.05,0.03
2026-05-12_09:30:43,"40.73647026903927, -81.90187001600862",8.56,5.31,0.03
2026-05-12_09:30:44,"40.736481165513396, -81.90187001600862",9.42,2.72,0.02
2026-05-12_09:30:46,"40.736495750024915, -81.90186968073249",10.3,5.31,0.04
2026-05-12_09:30:48,"40.73650983162224, -81.90186934545636",9.68,5.15,0.03
2026-05-12_09:30:50,"40.73652190156281, -81.90186934545636",9.97,3.74,0.03
2026-05-12_09:30:52,"40.73653715662658, -81.90186934545636",8.2,5.02,0.03
2026-05-12_09:30:53,"40.73654972948134, -81.90186901018023",8.23,3.25,0.02
2026-05-12_09:30:55,"40.736560290679336, -81.90186867490411",8.43,4.17,0.03
2026-05-12_09:30:57,"40.73657705448568, -81.90186901018023",8.99,5.22,0.03
2026-05-12_09:30:59,"40.736595997586846, -81.90186699852347",8.96,5.15,0.03
2026-05-12_09:31:01,"40.73660823516548, -81.9018673337996",10.17,5.18,0.04
2026-05-12_09:31:02,"40.736617958173156, -81.90186766907573",10.1,2.2,0.01
2026-05-12_09:31:04,"40.73662935756147, -81.9018673337996",10.04,4.79,0.03
2026-05-12_09:31:05,"40.736643774434924, -81.90186766907573",10.86,5.25,0.04
2026-05-12_09:31:07,"40.73666003532708, -81.90186666324735",8.79,4.36,0.03
2026-05-12_09:31:10,"40.736675625666976, -81.90186666324735",10.01,5.25,0.03
2026-05-12_09:31:11,"40.736689204350114, -81.90186666324735",9.84,5.02,0.04
2026-05-12_09:31:13,"40.73670311830938, -81.90186699852347",9.65,5.15,0.04
2026-05-12_09:31:15,"40.736718038097024, -81.90186766907573",9.88,5.12,0.03
2026-05-12_09:31:17,"40.736733293160796, -81.90186800435185",9.22,5.22,0.03
2026-05-12_09:31:17,"40.73674284853041, -81.90186867490411",6.2,0.85,0.0
2026-05-12_09:31:31,"40.7368538249284, -81.90187001600862",7.51,5.28,0.03
2026-05-12_09:31:32,"40.736869079992175, -81.90187001600862",7.74,5.18,0.03
2026-05-12_09:31:34,"40.736882826313376, -81.90186934545636",8.46,5.15,0.04
2026-05-12_09:31:36,"40.73689623735845, -81.90186901018023",7.87,5.09,0.04
2026-05-12_09:31:37,"40.736910151317716, -81.90186901018023",8.14,5.05,0.04
2026-05-12_09:31:39,"40.7369249034673, -81.90186901018023",8.53,5.09,0.04
2026-05-12_09:31:41,"40.736939990893006, -81.90186833962798",8.37,5.31,0.04
2026-05-12_09:31:43,"40.736954575404525, -81.90186833962798",8.33,5.02,0.03
2026-05-12_09:31:44,"40.73696915991604, -81.90186833962798",8.37,5.05,0.03
2026-05-12_09:31:46,"40.73698424734175, -81.90186766907573",8.5,5.12,0.03
2026-05-12_09:31:48,"40.736998496577144, -81.9018673337996",8.23,5.22,0.03
2026-05-12_09:31:49,"40.73701358400285, -81.90186632797122",8.14,5.31,0.03
2026-05-12_09:31:51,"40.73702867142856, -81.90186532214284",7.81,5.18,0.02
2026-05-12_09:31:53,"40.73704275302589, -81.90186431631446",8.66,5.25,0.04
2026-05-12_09:31:54,"40.73705683462322, -81.90186398103833",8.01,5.28,0.04
2026-05-12_09:31:56,"40.7370715867728, -81.90186398103833",8.17,5.05,0.03
2026-05-12_09:31:58,"40.737086003646255, -81.9018636457622",8.3,5.31,0.03
2026-05-12_09:31:59,"40.73710075579584, -81.9018636457622",8.86,5.25,0.03
2026-05-12_09:32:01,"40.73711416684091, -81.90186398103833",8.89,5.22,0.03
2026-05-12_09:32:03,"40.73712958954275, -81.90186398103833",8.14,5.18,0.03
2026-05-12_09:32:04,"40.73714434169233, -81.9018636457622",7.48,5.18,0.03
2026-05-12_09:32:05,"40.73715255595744, -81.9018636457622",7.22,0.98,0.01
2026-05-12_09:32:07,"40.73716261424124, -81.9018636457622",7.12,4.49,0.02
2026-05-12_09:32:09,"40.73717719875276, -81.9018636457622",9.22,5.15,0.03
